Shop Name,Address
Village News,"138 Ford Rd, Upton, Birkenhead, Wirral CH49 0TQ"
Edwards News,"23 Rose Mount, Oxton, Birkenhead, Prenton CH43 5SG"
Argyle News,"31 Argyle St, Birkenhead CH41 6AA"
Irby Local,"24 Thingwall Rd, Irby, Birkenhead, Wirral CH61 3UE"
Birkenhead News & Off Licence,"Birkenhead CH42 0HD"
Booze & News,"186 Bebington Rd, Bebington, Wirral CH63 7NX"
News & Booze,"264-266 Conway St., Birkenhead CH41 4AH"
Go Local,"5 The Crescent, Bebington, Wirral CH63 2NT"
Grange News,"3 St Werburgh's Square, Grange Precinct, Birkenhead CH41 2XX"
Burnell Newsagents,"168 Bedford Rd, Birkenhead CH42 2AS"
Newsmag,"13-15 Albert Rd, Hoylake, Wirral CH47 2AB"
Best-One Abi News & Wine,"71-73 Ridgewood Drive, Wirral, CH61 8RF"
Premier,"238 Twickenham Drive, Wirral, CH46 2QE"
Londis Pensby Service Station,"367 Pensby Road, Birkenhead, Wirral, CH61 9NF"
Go Local,"23 Grange Road, Wirral, CH48 4DY"
RaanThai Oriental Supermarket,"Prenton Way, Wirral, CH43 3DU"
Premier,"27 Pasture Road, Wirral, CH46 7TG"
Premier,"138 Irby Road, Wirral, CH61 6XQ"
Premier,"104a New Ferry Road, Wirral, CH62 1DY"
Whitmore & White,"72-74 Telegraph Road, Heswall, Wirral, CH60 0AQ"
Community Shop Beechwood,"Manor House, Beechwood Drive, Wirral, CH43 7ZU"
Independent Market @Woodside,"Woodside Ferry Terminal, Birkenhead, Wirral, CH41 6DU"
The Village News,"138 Ford Road, Wirral, CH49 0TQ"
Newsmag Of Hoylake,"15 Albert Road, Wirral, CH47 2AB"
Hoylake News,"51 Market Street, Hoylake, Wirral, CH47 2BQ"
Personal Touch,"18 Birkenhead Road, Hoylake, Wirral, CH47 3BN"
Martin McColl Newsagent,"23 Grange Road, West Kirby, Wirral, CH48 4DY"
Cosmic News,"36 Grange Road, West Kirby, Wirral, CH48 4EF"
The Village Shop,"22 Village Road, Wirral, CH60 0DX"
Go Local,"3 Coronation Drive, Bromborough, Wirral, CH62 3LF"
The One Stop Corner Shop,"1-3 Belvidere Road, Wallasey, Wirral, CH45 3LF"
Martins,"24 Allport Lane, Bromborough, Wirral, CH62 7HP"
The Crest,"186 Heath Road, Wirral, CH63 2HF"
Go Local,"45-47 New Chester Road, Wirral, CH62 1AA"
Premier,"4 Freeman Street, Birkenhead, Wirral, CH41 1BR"
Best-One,"2-4 Upton Road, Claughton, Wirral, CH41 0DF"
Nisa Local,"1-3 Mount Avenue, Heswall, Wirral, CH60 4RH"
Costcutter,"78-80 Mill Lane, Wallasey, Wirral, CH44 5UG"
Spar,"1-3 Market Street, Hoylake, Wirral, CH47 2AE"
Mace Express,"12-14 King Street, Wallasey, Wirral, CH44 8AU"
Lifestyle Express,"5-7 Laird Street, Birkenhead, Wirral, CH41 8DB"